cod_ibge,ano,industria_transf_pc1000,pct_meio_sm,tag_industry_poverty
3500105,2018,52.959225821679354,57.0,Mid-Industry & Low-Poverty
3500204,2018,2.3208587177255584,,
3500303,2018,60.52010784093462,,
3500402,2018,20.135949724252917,71.0,Mid-Industry & Low-Poverty
3500501,2018,40.38315010340699,,
3500550,2018,6.7442252571235874,,
3500600,2018,7.046764894298526,83.0,Low-Industry & Mid-Poverty
3500709,2018,55.87535285326839,,
3500758,2018,35.81934590759647,,
3500808,2018,113.82734912146678,,
3500907,2018,0.4955401387512388,,
3501004,2018,2.3789622580852567,,
3501103,2018,7.468259895444362,,
3501152,2018,242.37703093701313,,
3501202,2018,7.456503728251864,,
3501301,2018,34.21749548110471,86.0,Mid-Industry & High-Poverty
3501400,2018,0.7930214115781126,,
3501509,2018,10.3904282115869,,
3501608,2018,93.80273967908575,,
3501707,2018,104.56476902815396,,
3501806,2018,7.322175732217573,,
3501905,2018,155.37270782176654,,
3502002,2018,16.70103092783505,,
3502101,2018,72.82263531594533,78.0,High-Industry & Mid-Poverty
3502200,2018,32.8149871433819,,
3502309,2018,5.095923261390888,,
3502408,2018,10.598031794095382,,
3502507,2018,8.121201937886807,,
3502606,2018,52.516940948693126,,
3502705,2018,24.122273574961483,,
3502754,2018,173.069590085796,,
3502804,2018,39.65999716489298,,
3502903,2018,34.393331275084904,,
3503000,2018,2.911208151382824,,
3503109,2018,0.32441200324412,,
3503158,2018,0.0,,
3503208,2018,60.162201583354566,,
3503307,2018,91.22748117231434,,
3503356,2018,28.634361233480178,,
3503406,2018,42.09370424597365,,
3503505,2018,2.34192037470726,,
3503604,2018,7.6448374320714745,,
3503703,2018,185.4077253218884,,
3503802,2018,52.86167765971602,,
3503901,2018,98.21269388482796,,
3503950,2018,0.0,,
3504008,2018,14.47016699381541,,
3504107,2018,71.09293296849705,,
3504206,2018,62.05514477230323,,
3504305,2018,10.59001512859304,,
3504404,2018,71.98282978372131,88.0,High-Industry & High-Poverty
3504503,2018,40.485274966300345,,
3504602,2018,28.47694286239206,,
3504701,2018,21.32829373650108,,
3504800,2018,52.088221492257155,,
3504909,2018,20.467561731292836,,
3505005,2018,70.35175879396985,,
3505104,2018,22.515101592531575,,
3505203,2018,99.87350336834054,,
3505302,2018,142.00607206278283,,
3505351,2018,0.0,,
3505401,2018,1.170807857421621,,
3505500,2018,46.44720791542424,,
3505609,2018,6.8340651864679325,,
3505708,2018,87.01539392564015,,
3505807,2018,69.15915472144229,,
3505906,2018,87.06120686792202,,
3506003,2018,33.96252316562565,,
3506102,2018,35.72247319803115,,
3506201,2018,191.17147707979626,,
3506300,2018,67.11782701399834,,
3506359,2018,1.2008216147890662,,
3506409,2018,58.21392016376664,,
3506508,2018,112.4545656850382,,
3506607,2018,4.081885088750077,,
3506706,2018,12.755451927033329,,
3506805,2018,175.6901524515863,,
3506904,2018,1.7154207295052366,,
3507001,2018,159.1147106053201,,
3507100,2018,119.30344572063727,,
3507159,2018,3.108003108003108,,
3507209,2018,1100.9852216748768,,
3507308,2018,111.5780626181971,,
3507407,2018,37.329504666188086,,
3507456,2018,31.795269484296234,,
3507506,2018,67.12013320579587,,
3507605,2018,70.417124039517,80.0,High-Industry & Mid-Poverty
3507704,2018,11.527377521613833,,
3507753,2018,27.095375722543352,,
3507803,2018,50.11903270266884,,
3507902,2018,62.306079664570234,,
3508009,2018,21.08954162008334,,
3508108,2018,107.79705953241745,,
3508207,2018,262.1314139772463,,
3508306,2018,48.282265552460544,,
3508405,2018,137.32551082338662,,
3508504,2018,87.56043281405879,,
3508603,2018,6.949830908131923,,
3508702,2018,4.349209716770978,,
3508801,2018,95.91742055207608,,
3508900,2018,0.73117231294175,,
3509007,2018,56.94151791038842,,
3509106,2018,0.5357142857142857,,
3509205,2018,154.2504540945805,,
3509254,2018,43.14983443708609,,
3509304,2018,8.609599208312718,,
3509403,2018,49.52655574172934,,
3509452,2018,16.173434273916037,,
3509502,2018,33.330469306278765,,
3509601,2018,59.00388691726419,85.0,Mid-Industry & High-Poverty
3509700,2018,13.60788539047847,,
3509809,2018,14.947062487025118,,
3509908,2018,5.185965480917267,,
3509957,2018,41.666666666666664,,
3510005,2018,49.968353376195076,,
3510104,2018,79.28197456993269,,
3510153,2018,51.89340813464236,88.0,Mid-Industry & High-Poverty
3510203,2018,16.803826101943212,,
3510302,2018,10.61240385551553,,
3510401,2018,114.2888753664878,,
3510500,2018,1.6622741288133258,,
3510609,2018,12.05530691995398,,
3510708,2018,4.948383243750533,,
3510807,2018,31.87156336976444,87.0,Mid-Industry & High-Poverty
3510906,2018,0.40080160320641284,,
3511003,2018,45.34928598996527,73.0,Mid-Industry & Low-Poverty
3511102,2018,77.64960838182346,,
3511201,2018,0.796918581484925,78.0,Low-Industry & Mid-Poverty
3511300,2018,84.88003621548212,,
3511409,2018,60.37578722739811,,
3511508,2018,124.64717416129797,,
3511607,2018,59.94897959183673,,
3511706,2018,40.33543967400933,,
3511904,2018,302.61893320518976,,
3512001,2018,130.8867806623871,85.0,High-Industry & High-Poverty
3512100,2018,119.41779689050612,,
3512209,2018,59.33880662659434,,
3512308,2018,54.628224582701066,,
3512407,2018,188.57776317950402,,
3512506,2018,54.168072899088756,,
3512605,2018,36.96056163534999,,
3512704,2018,35.84048460373548,,
3512803,2018,36.797508487416174,84.0,Mid-Industry & Mid-Poverty
3512902,2018,198.0848935257968,,
3513009,2018,71.12891231246766,,
3513108,2018,99.07633321714883,,
3513207,2018,28.724035608308608,,
3513306,2018,8.502598016060462,92.0,Low-Industry & High-Poverty
3513405,2018,84.60219950705019,,
3513504,2018,43.129815323860775,,
3513603,2018,6.7340067340067336,,
3513702,2018,85.29139685476412,,
3513801,2018,95.03136148656166,,
3513850,2018,82.70238788584741,,
3513900,2018,16.351276869373507,,
3514007,2018,21.900269541778975,,
3514106,2018,48.64303722378764,,
3514205,2018,19.117647058823533,63.0,Mid-Industry & Low-Poverty
3514304,2018,23.93303466163641,,
3514403,2018,25.26947438604289,72.0,Mid-Industry & Low-Poverty
3514502,2018,36.07515657620042,77.0,Mid-Industry & Mid-Poverty
3514601,2018,97.17868338557993,,
3514700,2018,5.629724947723982,,
3514809,2018,8.072985035442372,,
3514908,2018,167.35846881125332,,
3514924,2018,5.715918833952558,,
3514957,2018,3.7359900373599007,,
3515004,2018,28.483326563019315,,
3515103,2018,43.554288569203415,,
3515129,2018,7.822685788787484,,
3515152,2018,54.88190893596299,71.0,Mid-Industry & Low-Poverty
3515186,2018,111.99586592441219,,
3515194,2018,0.625130235465722,,
3515202,2018,254.50951321966892,47.0,High-Industry & Low-Poverty
3515301,2018,0.0,,
3515350,2018,2.516514627241271,,
3515400,2018,88.27665558680644,,
3515509,2018,43.29017424975799,,
3515608,2018,43.07250538406318,,
3515657,2018,13.947847180109157,,
3515707,2018,45.24521205779203,,
3515806,2018,0.0,,
3515905,2018,33.963585434173666,,
3516002,2018,18.069306930693067,,
3516101,2018,0.0,75.0,Low-Industry & Mid-Poverty
3516200,2018,70.82791377420533,,
3516309,2018,2.3164739138661607,,
3516408,2018,22.043219164131642,,
3516507,2018,169.8956780923994,,
3516606,2018,45.25369495657474,,
3516705,2018,66.26179883718193,,
3516804,2018,0.41946308724832215,,
3516853,2018,562.6898047722343,87.0,High-Industry & High-Poverty
3516903,2018,3.005259203606311,,
3517000,2018,4.14861251959067,,
3517109,2018,60.433775531690884,,
3517208,2018,44.53000753327195,,
3517307,2018,0.0,,
3517406,2018,179.5652953073398,,
3517505,2018,96.93975441289332,,
3517604,2018,15.246132208157524,,
3517703,2018,16.663465232424127,,
3517802,2018,23.30004755111745,,
3517901,2018,78.79395153944252,,
3518008,2018,26.534859521331946,,
3518107,2018,48.17044928207503,89.0,Mid-Industry & High-Poverty
3518206,2018,65.56303778526001,,
3518305,2018,83.69295592782629,,
3518404,2018,41.80996239807343,,
3518503,2018,35.36507936507936,,
3518602,2018,71.26931652187284,,
3518701,2018,3.9063858030056413,,
3518800,2018,58.39743945532923,,
3518859,2018,13.172043010752688,,
3518909,2018,23.692970432739376,,
3519006,2018,29.157667386609074,,
3519055,2018,75.07072379769545,75.0,High-Industry & Mid-Poverty
3519071,2018,58.0410651936005,,
3519105,2018,155.31576154254378,,
3519204,2018,17.697704081632654,,
3519253,2018,6.962576153176675,,
3519303,2018,61.373711785364726,,
3519402,2018,46.02371672609669,,
3519501,2018,14.249567186043414,,
3519600,2018,117.02364062152785,,
3519709,2018,27.672379955514852,91.0,Mid-Industry & High-Poverty
3519808,2018,0.24900398406374502,,
3519907,2018,9.46850145183689,,
3520004,2018,12.38864719287342,,
3520103,2018,58.731667571971755,,
3520202,2018,34.04209621993127,,
3520301,2018,4.479891396572205,,
3520400,2018,1.703017627726322,,
3520426,2018,1.456876456876457,71.0,Low-Industry & Low-Poverty
3520442,2018,14.020506447102687,,
3520509,2018,99.44496598975574,73.0,High-Industry & Low-Poverty
3520608,2018,32.87958115183246,,
3520707,2018,6.746237675142709,,
3520806,2018,24.409044193216854,,
3520905,2018,108.09320281262926,,
3521002,2018,68.14741499767118,89.0,High-Industry & High-Poverty
3521101,2018,131.95086514331,,
3521150,2018,43.777480405276236,,
3521200,2018,0.0,,
3521309,2018,38.08082718617994,,
3521408,2018,156.0412615202503,,
3521507,2018,11.766227049392294,,
3521606,2018,2.727024815925825,,
3521705,2018,21.119563983195185,,
3521804,2018,11.393216886105556,,
3521903,2018,84.1658683454222,85.0,High-Industry & High-Poverty
3522000,2018,49.26108374384237,77.0,Mid-Industry & Mid-Poverty
3522109,2018,2.9466265682432637,88.0,Low-Industry & High-Poverty
3522158,2018,0.0,,
3522208,2018,19.06036469970935,,
3522307,2018,49.45988136122385,,
3522406,2018,14.363146586980468,83.0,Mid-Industry & Mid-Poverty
3522505,2018,40.679135431653165,,
3522604,2018,131.39860139860141,,
3522653,2018,0.0,,
3522703,2018,66.86242418407625,,
3522802,2018,20.76525054466231,,
3522901,2018,161.11473982146745,,
3523008,2018,0.0,77.0,Low-Industry & Mid-Poverty
3523107,2018,41.544676177652335,83.0,Mid-Industry & Mid-Poverty
3523206,2018,18.809416948875924,,
3523305,2018,3.126085446335533,,
3523404,2018,99.18077275348554,,
3523503,2018,19.610705596107056,,
3523602,2018,27.26954900361263,,
3523701,2018,13.05940436375219,,
3523800,2018,7.491128926271521,,
3523909,2018,95.06279009495087,,
3524006,2018,186.75095927923056,,
3524105,2018,23.604830293693784,,
3524204,2018,3.444660775797514,,
3524303,2018,59.72703143315234,81.0,Mid-Industry & Mid-Poverty
3524402,2018,55.04397990743381,,
3524501,2018,170.03874300473527,,
3524600,2018,21.890605040065033,,
3524709,2018,238.7507292882147,,
3524808,2018,37.92271553730901,,
3524907,2018,212.42355970389443,,
3525003,2018,50.605567826023645,,
3525102,2018,45.08894225164945,,
3525201,2018,107.14285714285714,,
3525300,2018,67.65872343310396,,
3525409,2018,13.371537726838588,,
3525508,2018,51.39744197063003,,
3525607,2018,1.1405109489051093,,
3525706,2018,87.07373335927295,,
3525805,2018,0.43103448275862066,,
3525854,2018,244.1016333938294,,
3525904,2018,98.5440375808322,,
3526001,2018,108.09867929230002,,
3526100,2018,12.162736350116848,,
3526209,2018,11.052268017499424,,
3526308,2018,6.432869890018676,,
3526407,2018,158.97822806639363,,
3526506,2018,0.0,,
3526605,2018,11.720385098367517,,
3526704,2018,65.4122307501857,,
3526803,2018,73.3460952926458,,
3526902,2018,97.40465744178198,,
3527009,2018,105.54260554260554,,
3527108,2018,110.31203803587839,,
3527207,2018,47.311257055136835,,
3527256,2018,0.4582951420714941,,
3527306,2018,111.27455042678379,,
3527405,2018,52.476330938674536,,
3527504,2018,19.902697921273774,,
3527603,2018,90.92192573768178,,
3527702,2018,3.9972193256864794,74.0,Low-Industry & Mid-Poverty
3527801,2018,29.17891879665234,,
3527900,2018,14.879816863792446,,
3528007,2018,48.429010158280185,,
3528106,2018,20.51877661633759,,
3528205,2018,15.10912143256855,,
3528304,2018,39.83160621761658,,
3528403,2018,61.80515078902489,,
3528502,2018,31.859017257812656,,
3528601,2018,39.79002624671916,,
3528700,2018,8.720340701683229,,
3528809,2018,30.91487316026921,,
3528858,2018,312.11286992429456,,
3528908,2018,0.0,,
3529005,2018,55.64576729402213,,
3529104,2018,0.0,,
3529203,2018,12.505843852267416,,
3529302,2018,123.68157960509872,,
3529401,2018,42.52040718750272,,
3529500,2018,106.28594090818957,,
3529609,2018,383.52500668627977,,
3529658,2018,0.0,,
3529708,2018,0.4200896191187453,,
3529807,2018,14.0509645153608,,
3529906,2018,6.220527741547106,,
3530003,2018,5.784280367471929,,
3530102,2018,27.61293025204217,,
3530201,2018,97.97962744104902,,
3530300,2018,85.76023796347538,,
3530409,2018,35.30412590387069,,
3530508,2018,64.14692972600481,,
3530607,2018,36.257377484667536,,
3530706,2018,69.37468397100962,,
3530805,2018,94.76000398058359,,
3530904,2018,99.93997599039615,,
3531001,2018,136.09195402298852,,
3531100,2018,2.160776414576085,,
3531209,2018,34.585107755839466,,
3531308,2018,110.52577213097821,,
3531407,2018,37.00230198652912,,
3531506,2018,27.046341597493264,,
3531605,2018,14.282134803307441,,
3531704,2018,13.213885778275476,,
3531803,2018,84.71164491562385,,
3531902,2018,108.74675244339973,,
3532009,2018,144.86298784630483,,
3532058,2018,35.79128934885727,,
3532108,2018,2.569493109086662,,
3532157,2018,0.0,,
3532207,2018,84.89981408799835,,
3532306,2018,2.5380710659898473,91.0,Low-Industry & High-Poverty
3532405,2018,54.05258877744646,,
3532504,2018,72.15777262180976,,
3532603,2018,11.686143572621035,,
3532702,2018,14.087341517407928,,
3532801,2018,106.66666666666667,,
3532827,2018,81.65374677002583,,
3532843,2018,0.0,,
3532868,2018,5.1020408163265305,,
3532900,2018,231.4633919434366,,
3533007,2018,13.52901807056124,,
3533106,2018,0.0,,
3533205,2018,269.09675690163493,,
3533254,2018,2.359774913777455,,
3533304,2018,0.0,,
3533403,2018,175.07193438894535,,
3533502,2018,42.768393489757145,,
3533601,2018,231.0126582278481,,
3533700,2018,11.336227689339122,,
3533809,2018,0.0,,
3533908,2018,85.40254398659457,,
3534005,2018,277.86982248520707,,
3534104,2018,32.881085395051876,,
3534203,2018,280.94960675793766,,
3534302,2018,75.61633464250225,,
3534401,2018,20.397554055721006,,
3534500,2018,33.41288782816229,,
3534609,2018,68.48351085948245,,
3534708,2018,47.08160993402058,,
3534757,2018,104.53104224199653,,
3534807,2018,4.837929366231253,86.0,Low-Industry & High-Poverty
3534906,2018,3.90625,,
3535002,2018,36.348684210526315,87.0,Mid-Industry & High-Poverty
3535101,2018,2.1543433099946143,,
3535200,2018,5.147864184008762,,
3535309,2018,38.42770498634196,,
3535408,2018,54.01671162576485,,
3535507,2018,24.717066545948395,,
3535606,2018,15.907844212835986,,
3535705,2018,189.5039081193173,,
3535804,2018,6.762849413886384,,
3535903,2018,0.0,,
3536000,2018,108.02322261349578,,
3536109,2018,37.546933667083856,,
3536208,2018,6.545114539504441,,
3536257,2018,13.631937682570594,,
3536307,2018,152.31971236949457,,
3536406,2018,123.98544640358243,,
3536505,2018,92.7863514761465,78.0,High-Industry & Mid-Poverty
3536570,2018,1.695873374788016,,
3536604,2018,3.8727848844032393,,
3536703,2018,95.45753785385122,,
3536802,2018,14.755197853789403,,
3536901,2018,7.431874483897605,,
3537008,2018,28.19583512500768,,
3537107,2018,145.4197817306866,,
3537156,2018,13.289036544850498,,
3537206,2018,0.0,,
3537305,2018,68.4009609372429,,
3537404,2018,71.40325312118468,,
3537503,2018,119.12672045562411,,
3537602,2018,2.0543496321807826,,
3537701,2018,45.49312510609404,,
3537800,2018,23.516885833831438,,
3537909,2018,16.406222316714505,,
3538006,2018,57.9178661581434,,
3538105,2018,57.02860658258997,,
3538204,2018,37.07217892239919,,
3538303,2018,19.236209335219236,,
3538501,2018,38.103612515571186,,
3538600,2018,44.85106706737171,,
3538709,2018,91.08350668038054,,
3538808,2018,30.832225099741024,86.0,Mid-Industry & High-Poverty
3538907,2018,15.778838299153016,,
3539004,2018,53.86676522221195,,
3539103,2018,21.112938305660176,91.0,Mid-Industry & High-Poverty
3539202,2018,57.141807224488296,,
3539301,2018,56.06056494722275,78.0,Mid-Industry & Mid-Poverty
3539400,2018,14.001362294709756,,
3539509,2018,95.92058884511714,,
3539608,2018,69.2858525256435,,
3539707,2018,18.851756640959728,,
3539806,2018,44.08073534248472,,
3539905,2018,59.820010587612494,,
3540002,2018,181.79682360680388,,
3540101,2018,3.879438973440764,,
3540200,2018,97.78219670068788,,
3540259,2018,6.685981724983285,,
3540309,2018,248.8132911392405,,
3540408,2018,0.0,,
3540507,2018,33.40494092373791,,
3540606,2018,109.36804843607946,,
3540705,2018,112.95331041366308,,
3540754,2018,10.723601584387982,,
3540804,2018,135.0195724179464,,
3540853,2018,8.582217645039478,,
3540903,2018,229.39685272875113,91.0,High-Industry & High-Poverty
3541000,2018,4.046155205716378,,
3541059,2018,24.04965089216447,,
3541109,2018,12.437810945273633,,
3541208,2018,2.4781341107871717,,
3541307,2018,11.320754716981131,,
3541406,2018,45.962193483600444,,
3541505,2018,11.340613077226681,,
3541604,2018,76.41112259560843,,
3541653,2018,1.0787486515641855,,
3541703,2018,52.81664872622892,,
3541802,2018,82.0372064653858,,
3541901,2018,9.016134134767478,,
3542008,2018,52.61538461538461,,
3542107,2018,180.0356506238859,,
3542206,2018,65.51807813637467,,
3542305,2018,6.254886630179828,,
3542404,2018,60.23292801805962,,
3542503,2018,6.652806652806653,,
3542602,2018,11.417293787811715,,
3542701,2018,27.091952488989723,,
3542800,2018,3.7014188772362737,,
3542909,2018,10.031638243691642,88.0,Mid-Industry & High-Poverty
3543006,2018,5.315238903025162,,
3543105,2018,17.7958833619211,,
3543204,2018,21.100917431192663,,
3543238,2018,12.143858010275572,,
3543253,2018,5.858854860186418,,
3543303,2018,56.1243359558873,,
3543402,2018,28.76668855489436,,
3543501,2018,12.620508326029798,,
3543600,2018,59.976931949250286,71.0,Mid-Industry & Low-Poverty
3543709,2018,17.911585365853657,,
3543808,2018,38.991769547325106,79.0,Mid-Industry & Mid-Poverty
3543907,2018,106.84750412500249,,
3544004,2018,141.7945141794514,,
3544103,2018,21.137787056367433,,
3544202,2018,0.612369871402327,,
3544251,2018,1.0877250231141566,,
3544301,2018,42.66115391843638,,
3544400,2018,0.9658725048293626,70.0,Low-Industry & Low-Poverty
3544509,2018,2.0073603211776514,,
3544608,2018,0.0,,
3544707,2018,22.86198137171888,,
3544806,2018,19.50413223140496,,
3544905,2018,56.346587949296755,,
3545001,2018,2.553747475947262,,
3545100,2018,7.817080320500294,85.0,Low-Industry & High-Poverty
3545159,2018,49.23664122137405,,
3545209,2018,86.06941025552128,,
3545308,2018,41.08721705899645,,
3545407,2018,40.021990104452996,,
3545506,2018,363.80907147945857,,
3545605,2018,3.9618587160891754,,
3545704,2018,46.89703808180536,,
3545803,2018,87.4248324458926,,
3546009,2018,27.858100007052684,,
3546108,2018,11.465603190428714,,
3546207,2018,62.543113359392954,,
3546256,2018,7.221954742416948,,
3546306,2018,5.366301995315604,,
3546405,2018,71.67642593797441,,
3546504,2018,0.5429864253393666,87.0,Low-Industry & High-Poverty
3546603,2018,73.26970523308661,,
3546702,2018,197.64023063118103,,
3546801,2018,40.97229786152561,,
3546900,2018,1.284746554543331,,
3547007,2018,77.18612603810455,,
3547106,2018,10.309278350515465,,
3547205,2018,2.6507620941020544,,
3547304,2018,86.58384733443374,,
3547403,2018,16.638935108153078,,
3547502,2018,56.47148000758007,,
3547601,2018,38.90017184814873,,
3547650,2018,1.3888888888888888,,
3547700,2018,19.27758732051473,,
3547809,2018,29.883248518808358,,
3547908,2018,13.560343528702726,,
3548005,2018,71.11908617444965,,
3548054,2018,49.44255937954435,,
3548104,2018,39.82148987298318,,
3548203,2018,6.1858780929390464,,
3548302,2018,0.0,,
3548401,2018,1.0711225364181662,61.0,Low-Industry & Low-Poverty
3548500,2018,8.83128879434014,,
3548609,2018,7.217473884140551,77.0,Low-Industry & Mid-Poverty
3548708,2018,89.02382260006945,,
3548807,2018,81.48422416757029,,
3548906,2018,67.69511029048105,85.0,High-Industry & High-Poverty
3549003,2018,1.4942099364960777,,
3549102,2018,53.65239294710328,,
3549201,2018,0.0,51.0,Low-Industry & Low-Poverty
3549250,2018,0.0,62.0,Low-Industry & Low-Poverty
3549300,2018,9.571788413098238,,
3549409,2018,113.41846680192545,,
3549508,2018,0.11458691417440128,,
3549607,2018,8.5995085995086,,
3549706,2018,59.91805435477202,,
3549805,2018,42.549628954911995,,
3549904,2018,48.22600027580229,,
3549953,2018,8.665511265164644,,
3550001,2018,6.8123758160658525,,
3550100,2018,56.88078031030474,,
3550209,2018,13.875,,
3550308,2018,28.149416242756743,,
3550407,2018,22.480121608980355,,
3550506,2018,25.240873931333965,,
3550605,2018,47.77263109738663,,
3550704,2018,3.259310265679692,,
3550803,2018,29.65817694369973,,
3550902,2018,62.50420960463393,,
3551009,2018,2.7798809261054567,,
3551108,2018,75.27200791295746,,
3551207,2018,42.78661546900713,,
3551306,2018,542.3625873064075,,
3551405,2018,0.08141996417521577,,
3551504,2018,55.52054732862222,,
3551603,2018,32.36151603498542,,
3551702,2018,142.0048220342446,,
3551801,2018,12.59106746911625,,
3551900,2018,26.801354665420998,87.0,Mid-Industry & High-Poverty
3552007,2018,3.3849129593810448,,
3552106,2018,52.574581646597736,,
3552205,2018,76.97856037610072,,
3552304,2018,37.469207830934785,,
3552403,2018,64.8418852308518,,
3552502,2018,53.57351495866008,,
3552551,2018,246.76969850519382,,
3552601,2018,7.652203161789439,,
3552700,2018,78.44247342265837,,
3552809,2018,40.66283628831406,,
3552908,2018,2.973240832507433,,
3553005,2018,232.6751257601922,,
3553104,2018,1.9877422560874605,,
3553203,2018,11.787193373685888,,
3553302,2018,88.3217120554313,,
3553401,2018,93.56701852220674,,
3553500,2018,13.24847382776984,,
3553609,2018,100.63441712926249,,
3553658,2018,7.633587786259541,,
3553708,2018,37.78050973412356,,
3553807,2018,29.49165696546372,,
3553856,2018,16.53324051514097,,
3553906,2018,34.117485211170724,,
3553955,2018,97.8657301094151,,
3554003,2018,57.307926042473134,,
3554102,2018,60.12148580984575,,
3554201,2018,78.34788162657016,88.0,High-Industry & High-Poverty
3554300,2018,25.162844650664763,,
3554409,2018,13.923911851770638,,
3554508,2018,146.81177415820613,,
3554607,2018,7.430582714118107,,
3554656,2018,1.7241379310344827,,
3554706,2018,22.95892103366622,,
3554755,2018,76.33587786259542,,
3554805,2018,16.290399756405236,,
3554904,2018,14.061654948620877,,
3554953,2018,4.575263077626963,,
3555000,2018,39.00195725856499,,
3555109,2018,5.981986826186316,,
3555208,2018,0.5230125523012552,,
3555307,2018,0.554016620498615,,
3555356,2018,144.0817672271678,,
3555406,2018,6.0619011201583515,,
3555505,2018,12.867252841518335,,
3555604,2018,12.90922234844573,63.0,Mid-Industry & Low-Poverty
3555703,2018,1.1500862564692351,,
3555802,2018,38.4392056671699,,
3555901,2018,0.0,,
3556008,2018,55.22637496201763,,
3556107,2018,154.97259201252936,,
3556206,2018,92.73540587773165,,
3556305,2018,114.51559112889778,,
3556354,2018,17.9,,
3556404,2018,40.48095226621045,,
3556453,2018,76.28596338273758,,
3556503,2018,65.26734973244285,,
3556602,2018,5.131128848346637,,
3556701,2018,159.6728628371667,,
3556800,2018,32.81190385349103,,
3556909,2018,250.31195408035938,76.0,High-Industry & Mid-Poverty
3556958,2018,1.7045454545454544,,
3557006,2018,32.69795700360529,,
3557105,2018,67.7637314734089,,
3557154,2018,33.984375,,
3557204,2018,30.43442690010636,,
3557303,2018,50.185034750428734,,
3500105,2019,54.34590192954506,,
3500204,2019,2.6109660574412534,,
3500303,2019,50.74702314086722,,
3500402,2019,22.188021033730923,,
3500501,2019,38.26058561010123,,
3500550,2019,6.0698027314112295,,
3500600,2019,7.367072389493914,,
3500709,2019,55.460231361045,,
3500758,2019,39.79927323066274,,
3500808,2019,113.82734912146678,,
3500907,2019,4.707631318136769,,
3501004,2019,3.729184080241754,,
3501103,2019,6.472491909385114,,
3501152,2019,233.7525038949477,85.0,High-Industry & High-Poverty
3501202,2019,17.67467550400442,,
3501301,2019,34.00731430493085,,
3501400,2019,0.5947660586835845,,
3501509,2019,5.6675062972292185,,
3501608,2019,92.06795226550386,,
3501707,2019,110.28004870412246,,
3501806,2019,6.101813110181311,,
3501905,2019,151.42377116271055,,
3502002,2019,15.463917525773196,,
3502101,2019,81.1360473828808,,
3502200,2019,38.2025223460267,,
3502309,2019,7.194244604316547,,
3502408,2019,5.803684077718899,,
3502507,2019,9.017334565515696,,
3502606,2019,56.87318489835431,,
3502705,2019,34.25768264007135,,
3502754,2019,171.44899904671115,,
3502804,2019,37.94318235513391,,
3502903,2019,40.13584439641865,,
3503000,2019,0.363901018922853,79.0,Low-Industry & Mid-Poverty
3503109,2019,0.9732360097323601,,
3503158,2019,0.0,,
3503208,2019,64.23042114419773,,
3503307,2019,89.58697360690385,,
3503356,2019,23.127753303964756,,
3503406,2019,42.94777940458761,,
3503505,2019,1.3010668748373666,,
3503604,2019,9.579073408860644,,
3503703,2019,171.78111587982832,,
3503802,2019,54.0972077021042,,
3503901,2019,100.8646817614548,,
3503950,2019,0.56657223796034,,
3504008,2019,16.097690888825323,,
3504107,2019,69.731959944415,,
3504206,2019,50.79123764770921,,
3504305,2019,13.80484114977307,,
3504404,2019,71.98282978372131,,
3504503,2019,46.29989261806301,,
3504602,2019,36.68320166574805,,
3504701,2019,19.70842332613391,,
3504800,2019,52.088221492257155,,
3504909,2019,29.85635151628955,,
3505005,2019,59.710316287318946,,
3505104,2019,10.0219659527732,,
3505203,2019,97.40240637778366,,
3505302,2019,135.24660594603884,,
3505351,2019,0.18083182640144665,,
3505401,2019,1.170807857421621,,
3505500,2019,49.310449986446194,78.0,Mid-Industry & Mid-Poverty
3505609,2019,5.411590079782299,,
3505708,2019,82.431256855403,,
3505807,2019,66.006600660066,,
3505906,2019,89.45235960280296,,
3506003,2019,34.278262063285055,,
3506102,2019,37.78571910188119,,
3506201,2019,182.68251273344652,,
3506300,2019,81.39427088161676,,
3506359,2019,1.3272238900300206,,
3506409,2019,52.96827021494371,,
3506508,2019,97.65183921403786,,
3506607,2019,3.9581916012121963,,
3506706,2019,24.139349883417914,,
3506805,2019,164.64771322620518,74.0,High-Industry & Mid-Poverty
3506904,2019,2.437703141928494,,
3507001,2019,183.27166096488165,,
3507100,2019,115.5983697665802,,
3507159,2019,5.957005957005957,,
3507209,2019,752.4630541871921,,
3507308,2019,111.99831897457449,,
3507407,2019,40.52731188409581,,
3507456,2019,39.937960449786736,,
3507506,2019,72.97977114110603,,
3507605,2019,69.21575801927064,,
3507704,2019,11.167146974063401,,
3507753,2019,2.890173410404624,,
3507803,2019,48.53193000041766,,
3507902,2019,56.51991614255765,72.0,Mid-Industry & Low-Poverty
3508009,2019,19.615814615306434,,
3508108,2019,91.52807905519403,,
3508207,2019,277.2231251451126,,
3508306,2019,39.92571959145776,62.0,Mid-Industry & Low-Poverty
3508405,2019,140.52195023265224,,
3508504,2019,88.38264797132113,,
3508603,2019,6.112128075455306,,
3508702,2019,4.190092288108624,,
3508801,2019,95.80143818139643,83.0,High-Industry & Mid-Poverty
3508900,2019,0.0,69.0,Low-Industry & Low-Poverty
3509007,2019,70.87623742694709,,
3509106,2019,0.5357142857142857,,
3509205,2019,156.42753165779948,,
3509254,2019,40.32146799116998,,
3509304,2019,9.698169223156853,,
3509403,2019,49.994155009157154,,
3509452,2019,17.033723331039226,81.0,Mid-Industry & Mid-Poverty
3509502,2019,32.31473218653153,,
3509601,2019,53.14936867772386,,
3509700,2019,12.211181611397103,,
3509809,2019,16.192651027610545,,
3509908,2019,6.644518272425249,83.0,Low-Industry & Mid-Poverty
3509957,2019,44.43127962085308,,
3510005,2019,53.89919717512242,,
3510104,2019,73.29842931937172,,
3510153,2019,30.855539971949508,,
3510203,2019,14.455599121030634,,
3510302,2019,9.833511829422646,,
3510401,2019,111.19101620844167,,
3510500,2019,1.8948202504607858,,
3510609,2019,11.599146473119479,,
3510708,2019,3.839262861530586,,
3510807,2019,29.461679451496845,,
3510906,2019,1.6032064128256514,,
3511003,2019,52.53763025858742,,
3511102,2019,76.01999897616163,,
3511201,2019,1.1953778722273873,,
3511300,2019,93.25486645540968,,
3511409,2019,60.740123874460004,,
3511508,2019,121.88920729999353,,
3511607,2019,57.16604823747681,,
3511706,2019,37.4416819228725,,
3511904,2019,8.049014896684286,,
3512001,2019,136.51082201897404,,
3512100,2019,111.6440621898776,,
3512209,2019,65.97273127107462,,
3512308,2019,47.7413330220614,,
3512407,2019,198.1031368040729,,
3512506,2019,57.036787040162,,
3512605,2019,39.64484823456535,,
3512704,2019,25.74457344775366,,
3512803,2019,39.7154961981987,,
3512902,2019,199.51407746176932,,
3513009,2019,74.90380884635282,,
3513108,2019,101.42906936214709,,
3513207,2019,27.655786350148368,,
3513306,2019,13.226263580538498,,
3513405,2019,83.86402592365535,,
3513504,2019,53.25022261798754,88.0,Mid-Industry & High-Poverty
3513603,2019,7.102993404363267,,
3513702,2019,87.17237126117793,,
3513801,2019,92.93729927783285,,
3513850,2019,79.20792079207921,,
3513900,2019,12.125665993018556,,
3514007,2019,20.440251572327043,,
3514106,2019,51.46077413614118,78.0,Mid-Industry & Mid-Poverty
3514205,2019,23.03921568627451,,
3514304,2019,126.26738976656449,,
3514403,2019,27.314146016224026,,
3514502,2019,43.006263048016706,,
3514601,2019,94.25287356321839,,
3514700,2019,11.259449895447965,,
3514809,2019,4.463113678130743,,
3514908,2019,172.83523578923092,,
3514924,2019,5.144326950557303,,
3514957,2019,2.9057700290577007,,
3515004,2019,34.432586136858816,,
3515103,2019,42.966511395529956,,
3515129,2019,6.844850065189048,,
3515152,2019,52.49573898222547,,
3515186,2019,111.57306273929487,,
3515194,2019,0.0,,
3515202,2019,285.2730417593279,,
3515301,2019,0.0,,
3515350,2019,1.7825311942959001,,
3515400,2019,85.91153157760164,,
3515509,2019,46.05820425943853,,
3515608,2019,49.71284996410624,,
3515657,2019,12.12856276531231,,
3515707,2019,43.70664691224999,,
3515806,2019,0.0,,
3515905,2019,30.462184873949578,,
3516002,2019,21.122112211221122,,
3516101,2019,0.0,,
3516200,2019,68.01899890390939,,
3516309,2019,1.7889600522926785,,
3516408,2019,23.59380030354597,,
3516507,2019,163.1892697466468,,
3516606,2019,45.71080298643913,,
3516705,2019,59.058917684720946,,
3516804,2019,0.41946308724832215,,
3516853,2019,593.2754880694143,,
3516903,2019,13.335837716003004,,
3517000,2019,2.4891675117544025,,
3517109,2019,44.851547694251416,,
3517208,2019,35.82489327864736,,
3517307,2019,0.0,,
3517406,2019,192.08417603235964,82.0,High-Industry & Mid-Poverty
3517505,2019,107.20452801227935,,
3517604,2019,16.48382559774965,,
3517703,2019,16.855551286976564,,
3517802,2019,23.30004755111745,,
3517901,2019,96.10129349608309,,
3518008,2019,31.21748178980229,,
3518107,2019,46.62652462559827,87.0,Mid-Industry & High-Poverty
3518206,2019,65.9371492704826,,
3518305,2019,94.56658398178668,,
3518404,2019,42.26625543960454,,
3518503,2019,34.6031746031746,,
3518602,2019,70.44924527818354,,
3518701,2019,4.276165041639671,,
3518800,2019,60.14911842519102,,
3518859,2019,11.827956989247312,,
3518909,2019,22.713922067750147,,
3519006,2019,27.321814254859614,,
3519055,2019,79.48664872697164,,
3519071,2019,59.626174718154495,,
3519105,2019,131.96532814434815,,
3519204,2019,15.784438775510203,,
3519253,2019,7.252683492892371,,
3519303,2019,62.611549311992626,,
3519402,2019,41.37988224562567,,
3519501,2019,15.581302437075509,,
3519600,2019,120.63041657407565,79.0,High-Industry & Mid-Poverty
3519709,2019,28.18265079157399,,
3519808,2019,0.7470119521912351,,
3519907,2019,9.59474813786138,,
3520004,2019,12.38864719287342,,
3520103,2019,56.79657794676806,,
3520202,2019,37.80068728522337,,
3520301,2019,3.122348549126082,,
3520400,2019,1.9420376456528234,,
3520426,2019,1.7482517482517483,,
3520442,2019,14.874941743048005,,
3520509,2019,102.09661215145675,,
3520608,2019,29.94764397905759,79.0,Mid-Industry & Mid-Poverty
3520707,2019,4.411001556824078,,
3520806,2019,17.985611510791365,,
3520905,2019,106.16296704811802,,
3521002,2019,64.36306474149976,,
3521101,2019,124.55422005019153,,
3521150,2019,79.90823934238195,,
3521200,2019,13.160880417517586,,
3521309,2019,31.96519765462455,68.0,Mid-Industry & Low-Poverty
3521408,2019,173.92407203855583,,
3521507,2019,18.48978536333075,,
3521606,2019,1.3635124079629124,,
3521705,2019,22.368570455319635,,
3521804,2019,16.335307654581808,83.0,Mid-Industry & Mid-Poverty
3521903,2019,93.95100588476802,,
3522000,2019,52.545155993431855,,
3522109,2019,2.8251161942950875,,
3522158,2019,0.0,,
3522208,2019,18.960140078646848,,
3522307,2019,47.81142678738683,,
3522406,2019,14.97388023077007,,
3522505,2019,43.203176926895345,,
3522604,2019,135.76223776223776,,
3522653,2019,0.0,,
3522703,2019,71.82054491190912,,
3522802,2019,21.241830065359476,,
3522901,2019,161.33246244284783,,
3523008,2019,0.0,,
3523107,2019,43.9759410020265,,
3523206,2019,18.66661226488229,,
3523305,2019,2.7208521477364824,,
3523404,2019,94.7623732148309,,
3523503,2019,21.021897810218977,,
3523602,2019,58.85094977275376,,
3523701,2019,8.759356585443541,,
3523800,2019,12.35379156262321,,
3523909,2019,93.39584854981976,,
3524006,2019,196.67337176084789,,
3524105,2019,25.86592456393182,83.0,Mid-Industry & Mid-Poverty
3524204,2019,3.444660775797514,,
3524303,2019,59.0533676452756,,
3524402,2019,54.91236921187129,,
3524501,2019,198.5937724207203,,
3524600,2019,21.42608291719893,77.0,Mid-Industry & Mid-Poverty
3524709,2019,237.14629521586932,,
3524808,2019,42.07051254920218,,
3524907,2019,212.42355970389443,,
3525003,2019,51.15571628520343,,
3525102,2019,51.19716503858438,,
3525201,2019,105.49966465459423,84.0,High-Industry & Mid-Poverty
3525300,2019,66.25538117351955,,
3525409,2019,21.012416427889207,,
3525508,2019,47.686720353702825,,
3525607,2019,0.9124087591240876,,
3525706,2019,89.38050637836636,,
3525805,2019,0.0,,
3525854,2019,244.70659407138538,,
3525904,2019,100.6840025944926,,
3526001,2019,101.56989783204585,,
3526100,2019,9.188442744848098,,
3526209,2019,10.032564718265848,,
3526308,2019,6.017846026146504,84.0,Low-Industry & Mid-Poverty
3526407,2019,166.66666666666666,,
3526506,2019,0.0,73.0,Low-Industry & Low-Poverty
3526605,2019,13.115669038649365,,
3526704,2019,66.6897746967071,,
3526803,2019,99.61864853865517,,
3526902,2019,98.19439757003038,,
3527009,2019,104.63610463610463,,
3527108,2019,115.99877475461798,,
3527207,2019,48.96178395410843,,
3527256,2019,0.0,,
3527306,2019,105.37001740283418,,
3527405,2019,60.94485941291212,,
3527504,2019,15.922158337019019,,
3527603,2019,90.99251729493153,,
3527702,2019,4.344803614876607,,
3527801,2019,35.05994118977607,,
3527900,2019,15.261350629530714,,
3528007,2019,84.21922986061894,,
3528106,2019,19.87353206865402,,
3528205,2019,17.06771124790151,,
3528304,2019,37.888601036269435,,
3528403,2019,62.15055156185912,,
3528502,2019,37.07083612175782,,
3528601,2019,32.75590551181103,,
3528700,2019,6.895153112958832,73.0,Low-Industry & Low-Poverty
3528809,2019,31.284668293765257,,
3528858,2019,313.83344803854095,,
3528908,2019,0.0,,
3529005,2019,53.83625417829103,,
3529104,2019,0.0,,
3529203,2019,13.362942184821566,,
3529302,2019,123.20669832541864,,
3529401,2019,42.65297784114124,,
3529500,2019,109.26036089629189,,
3529609,2019,381.92029954533297,,
3529658,2019,0.0,,
3529708,2019,0.7468259895444362,,
3529807,2019,29.530840676351513,,
3529906,2019,7.474666399117086,,
3530003,2019,2.7220142905750255,,
3530102,2019,27.298750261816657,,
3530201,2019,92.35184872530812,,
3530300,2019,89.66864969562812,,
3530409,2019,38.281582305401955,,
3530508,2019,66.31911674381675,,
3530607,2019,35.30104757394809,,
3530706,2019,67.83077700994437,,
3530805,2019,84.2888576830792,,
3530904,2019,71.12845138055222,,
3531001,2019,80.91954022988506,,
3531100,2019,1.4466214978941585,,
3531209,2019,46.32855852368047,,
3531308,2019,109.96797851461626,,
3531407,2019,36.02182624264643,,
3531506,2019,23.418173822219778,,
3531605,2019,13.781007266349286,,
3531704,2019,15.005599104143338,,
3531803,2019,84.4264770020465,,
3531902,2019,93.62241741927502,,
3532009,2019,160.48916735864725,,
3532058,2019,40.53471323846486,,
3532108,2019,3.270263957019388,,
3532157,2019,0.0,,
3532207,2019,86.55236521379881,,
3532306,2019,2.6873693639892506,,
3532405,2019,55.02846299810247,,
3532504,2019,74.47795823665894,,
3532603,2019,12.799109627156371,,
3532702,2019,14.48983698933387,,
3532801,2019,113.79844961240309,,
3532827,2019,88.47545219638243,,
3532843,2019,0.0,,
3532868,2019,4.251700680272109,73.0,Low-Industry & Low-Poverty
3532900,2019,228.0212112754675,,
3533007,2019,12.09484654364662,,
3533106,2019,0.0,,
3533205,2019,286.51835968909137,,
3533254,2019,2.359774913777455,,
3533304,2019,0.0,,
3533403,2019,173.83138923827082,,
3533502,2019,42.177953483596035,,
3533601,2019,226.3346175013759,85.0,High-Industry & High-Poverty
3533700,2019,14.954172696575013,,
3533809,2019,1.5829046299960428,,
3533908,2019,84.33620230025134,80.0,High-Industry & Mid-Poverty
3534005,2019,334.67455621301775,,
3534104,2019,35.115722266560255,,
3534203,2019,319.2542965336441,,
3534302,2019,77.31983154308428,82.0,High-Industry & Mid-Poverty
3534401,2019,21.287468941089397,,
3534500,2019,31.424025457438347,,
3534609,2019,69.05927134312125,,
3534708,2019,46.96395116255917,,
3534757,2019,94.20067505369745,,
3534807,2019,4.4750846637639095,,
3534906,2019,3.1403186274509807,,
3535002,2019,36.18421052631579,,
3535101,2019,2.0774024774948066,,
3535200,2019,3.3953997809419496,,
3535309,2019,36.714662715866474,83.0,Mid-Industry & Mid-Poverty
3535408,2019,56.64846371471807,,
3535507,2019,25.011317338162065,,
3535606,2019,11.903455842018651,,
3535705,2019,179.9330036688467,,
3535804,2019,7.263801222322413,,
3535903,2019,0.0,,
3536000,2019,113.25782811459027,,
3536109,2019,33.479349186483105,,
3536208,2019,7.324294841826399,,
3536257,2019,15.57935735150925,,
3536307,2019,153.63340938947658,,
3536406,2019,132.80156731038343,,
3536505,2019,95.65200833991831,,
3536570,2019,1.130582249858677,,
3536604,2019,3.5207135312756717,,
3536703,2019,98.90278692122011,,
3536802,2019,13.58148893360161,84.0,Mid-Industry & Mid-Poverty
3536901,2019,22.708505367464905,49.0,Mid-Industry & Low-Poverty
3537008,2019,29.547269488297808,,
3537107,2019,142.43361691157517,,
3537156,2019,12.29235880398671,,
3537206,2019,0.3643982873280496,,
3537305,2019,69.24013558429591,,
3537404,2019,68.88267496356977,,
3537503,2019,135.61936402467964,,
3537602,2019,1.7673449041555265,,
3537701,2019,57.71515871668647,,
3537800,2019,21.630304841601912,,
3537909,2019,17.00861060912087,,
3538006,2019,59.20751049746044,,
3538105,2019,51.86096585665949,,
3538204,2019,34.97119620467638,,
3538303,2019,19.519094766619517,,
3538501,2019,41.694145233384624,,
3538600,2019,55.6168448282421,,
3538709,2019,89.27266058434414,,
3538808,2019,30.167284944355007,,
3538907,2019,19.60531407197214,,
3539004,2019,56.54624410976624,,
3539103,2019,26.629887008646755,,
3539202,2019,55.56168007937383,,
3539301,2019,76.31671777060211,,
3539400,2019,17.70983122682207,,
3539509,2019,95.27265187642546,,
3539608,2019,62.70563189471647,,
3539707,2019,19.137389317337902,,
3539806,2019,44.98952725510222,,
3539905,2019,40.93876830774661,,
3540002,2019,176.86307677849828,,
3540101,2019,3.879438973440764,,
3540200,2019,99.52722033967088,,
3540259,2019,6.685981724983285,,
3540309,2019,75.55379746835443,,
3540408,2019,0.0,,
3540507,2019,32.97529538131042,79.0,Mid-Industry & Mid-Poverty
3540606,2019,117.74377623459775,,
3540705,2019,110.05138442201768,,
3540754,2019,9.999033909767173,,
3540804,2019,133.87533875338752,,
3540853,2019,8.582217645039478,,
3540903,2019,232.84067537188503,,
3541000,2019,3.8473191854666653,,
3541059,2019,30.83785880527541,,
3541109,2019,12.935323383084576,,
3541208,2019,4.518950437317784,71.0,Low-Industry & Low-Poverty
3541307,2019,9.787735849056604,,
3541406,2019,44.54184816779978,,
3541505,2019,9.656624128404157,,
3541604,2019,74.54559205384828,,
3541653,2019,3.236245954692557,,
3541703,2019,154.00071761750985,,
3541802,2019,697.4687404696554,,
3541901,2019,8.77886744701044,,
3542008,2019,54.30769230769231,,
3542107,2019,173.1283422459893,86.0,High-Industry & High-Poverty
3542206,2019,59.93690851735016,,
3542305,2019,5.473025801407349,,
3542404,2019,62.490380175465596,,
3542503,2019,7.207207207207207,,
3542602,2019,11.45418326693227,,
3542701,2019,36.43400507139997,,
3542800,2019,0.6169031462060457,,
3542909,2019,10.64896982791882,,
3543006,2019,2.7141645462256148,,
3543105,2019,22.51286449399657,,
3543204,2019,19.954128440366972,,
3543238,2019,14.946286781877626,,
3543253,2019,3.8615179760319576,,
3543303,2019,53.49337637011634,,
3543402,2019,28.724277066938487,,
3543501,2019,12.971078001752849,,
3543600,2019,68.62745098039217,68.0,High-Industry & Low-Poverty
3543709,2019,18.864329268292682,,
3543808,2019,36.83127572016461,81.0,Mid-Industry & Mid-Poverty
3543907,2019,111.81241675446793,,
3544004,2019,130.66596931659694,,
3544103,2019,20.977196081580214,,
3544202,2019,0.5248884612019946,,
3544251,2019,1.7947462881383587,,
3544301,2019,44.44653260665289,84.0,Mid-Industry & Mid-Poverty
3544400,2019,1.28783000643915,,
3544509,2019,0.0,,
3544608,2019,0.731528895391368,,
3544707,2019,22.01524132091448,,
3544806,2019,20.33057851239669,,
3544905,2019,65.1154714360132,,
3545001,2019,2.8506948568713626,,
3545100,2019,6.644518272425249,,
3545159,2019,51.27226463104326,,
3545209,2019,84.91661755018548,,
3545308,2019,48.00669334961445,,
3545407,2019,42.00109950522265,,
3545506,2019,344.0987888862503,,
3545605,2019,3.1560569433252756,,
3545704,2019,45.662905500705214,,
3545803,2019,88.34671117115684,,
3546009,2019,25.812821778686793,,
3546108,2019,62.31306081754736,,
3546207,2019,100.94274545872614,,
3546256,2019,3.370245546461242,,
3546306,2019,9.398440511132852,,
3546405,2019,69.81132075471697,,
3546504,2019,1.6289592760180995,,
3546603,2019,70.77002986625114,,
3546702,2019,207.64443086792164,,
3546801,2019,41.535054278764115,,
3546900,2019,1.751927119831815,,
3547007,2019,75.23204689789937,,
3547106,2019,8.531816565943833,,
3547205,2019,1.9880715705765406,,
3547304,2019,85.73683143659689,,
3547403,2019,0.415973377703827,,
3547502,2019,53.09835133598636,,
3547601,2019,39.87658178409623,,
3547650,2019,1.3888888888888888,,
3547700,2019,20.569384409002833,,
3547809,2019,33.28159431130173,,
3547908,2019,14.765707397920748,,
3548005,2019,81.71035931550614,,
3548054,2019,48.230731943771204,,
3548104,2019,35.873669756265016,,
3548203,2019,4.828002414001207,,
3548302,2019,0.0,,
3548401,2019,0.8568980291345331,,
3548500,2019,9.741009510080405,,
3548609,2019,6.932573599240266,,
3548708,2019,85.79879470893476,,
3548807,2019,99.67337547274603,,
3548906,2019,71.01289195159748,,
3549003,2019,0.0,,
3549102,2019,54.1790702999771,,
3549201,2019,0.0,,
3549250,2019,0.0,,
3549300,2019,11.083123425692694,,
3549409,2019,115.88495047141664,,
3549508,2019,0.0,,
3549607,2019,7.616707616707616,,
3549706,2019,59.05349020787129,,
3549805,2019,41.47132102767434,,
3549904,2019,39.916752737619156,,
3549953,2019,9.949290711855703,,
3550001,2019,8.515469770082317,,
3550100,2019,58.27058169505231,,
3550209,2019,12.28125,,
3550308,2019,27.031102828556165,,
3550407,2019,24.84798877455566,,
3550506,2019,31.076129732663862,,
3550605,2019,43.929776405329676,,
3550704,2019,3.695415160383313,,
3550803,2019,31.585120643431637,,
3550902,2019,52.06439011248064,,
3551009,2019,2.3356587479639814,,
3551108,2019,70.91988130563797,,
3551207,2019,53.75754251234229,,
3551306,2019,518.6759793501367,,
3551405,2019,0.08141996417521577,,
3551504,2019,56.15069541342215,,
3551603,2019,31.30466472303207,,
3551702,2019,140.9505128519472,,
3551801,2019,10.37377256889452,,
3551900,2019,30.363190470629455,,
3552007,2019,6.7698259187620895,,
3552106,2019,48.552200706495114,,
3552205,2019,72.22263559017047,,
3552304,2019,31.11629716063788,,
3552403,2019,58.35557815346807,,
3552502,2019,54.3363963134274,,
3552551,2019,246.76969850519382,,
3552601,2019,8.577194752774973,79.0,Low-Industry & Mid-Poverty
3552700,2019,70.26482984210858,,
3552809,2019,40.32817723543441,,
3552908,2019,3.468780971258672,,
3553005,2019,224.56640888955627,,
3553104,2019,2.8159681961239027,83.0,Low-Industry & Mid-Poverty
3553203,2019,9.875756610385473,,
3553302,2019,97.26790334605096,,
3553401,2019,95.23999203345947,,
3553500,2019,12.988699831146903,,
3553609,2019,62.88659793814433,,
3553658,2019,0.0,,
3553708,2019,35.24835318079231,,
3553807,2019,31.863062130815337,,
3553856,2019,15.837104072398189,,
3553906,2019,46.498830650708484,,
3553955,2019,83.74983114953397,,
3554003,2019,66.29871048841603,,
3554102,2019,59.46427816151041,,
3554201,2019,60.464126037896534,,
3554300,2019,25.20745962344963,,
3554409,2019,16.774476482841795,,
3554508,2019,151.24290896696127,,
3554607,2019,10.559249120062574,,
3554656,2019,0.0,,
3554706,2019,23.267785442190878,,
3554755,2019,18.203170874926602,,
3554805,2019,17.312627778502762,,
3554904,2019,11.537768162970975,60.0,Mid-Industry & Low-Poverty
3554953,2019,4.422754308372731,,
3555000,2019,39.36794869754786,,
3555109,2019,6.385266836940449,,
3555208,2019,17.78242677824268,57.0,Mid-Industry & Low-Poverty
3555307,2019,0.554016620498615,,
3555356,2019,141.279261457303,,
3555406,2019,6.3655585046560805,,
3555505,2019,10.29380227321467,88.0,Mid-Industry & High-Poverty
3555604,2019,23.649695342352576,,
3555703,2019,2.3001725129384702,,
3555802,2019,44.477993264429216,,
3555901,2019,0.828500414250207,,
3556008,2019,55.68216347614707,,
3556107,2019,132.57635082223962,,
3556206,2019,86.45845024129804,,
3556305,2019,125.81290645322663,,
3556354,2019,19.099999999999998,,
3556404,2019,42.360425049998796,75.0,Mid-Industry & Mid-Poverty
3556453,2019,78.20021985519881,,
3556503,2019,63.79060024059402,,
3556602,2019,2.945648042569365,,
3556701,2019,165.03915068175075,,
3556800,2019,32.64838938246035,,
3556909,2019,239.95507861242825,,
3556958,2019,0.5681818181818181,,
3557006,2019,35.7607824809721,,
3557105,2019,68.63557105492589,,
3557154,2019,32.03125,,
3557204,2019,27.243720854127467,85.0,Mid-Industry & High-Poverty
3557303,2019,48.10903511147215,,
3500105,2020,47.914085088806274,,
3500204,2020,3.4812880765883376,,
3500303,2020,51.87036620984048,,
3500402,2020,23.8553289726818,,
3500501,2020,35.26722542723414,,
3500550,2020,7.587253414264037,,
3500600,2020,7.687379884689302,,
3500709,2020,59.94354347705762,75.0,Mid-Industry & Mid-Poverty
3500758,2020,24.398684893580203,,
3500808,2020,227.40005092946268,,
3500907,2020,5.203171456888008,,
3501004,2020,3.922072911978397,,
3501103,2020,6.721433905899925,,
3501152,2020,253.44981081682616,,
3501202,2020,17.39850869925435,65.0,Mid-Industry & Low-Poverty
3501301,2020,33.33473454117449,,
3501400,2020,0.0,,
3501509,2020,5.037783375314861,,
3501608,2020,90.9885289859418,,
3501707,2020,118.48023258703377,,
3501806,2020,5.230125523012552,,
3501905,2020,163.50033745458722,,
3502002,2020,18.556701030927837,,
3502101,2020,80.63652906126235,,
3502200,2020,37.42704379413085,,
3502309,2020,5.695443645083933,,
3502408,2020,6.560686348725713,,
3502507,2020,8.597272396314654,,
3502606,2020,60.01936108422071,,
3502705,2020,35.06851536528014,85.0,Mid-Industry & High-Poverty
3502754,2020,176.50142993326978,,
3502804,2020,40.75728858764418,,
3502903,2020,42.05001543686323,,
3503000,2020,0.5458515283842794,,
3503109,2020,10.38118410381184,,
3503158,2020,0.0,,
3503208,2020,69.14655255735487,,
3503307,2020,94.04304997062347,,
3503356,2020,23.127753303964756,,
3503406,2020,55.63689604685212,,
3503505,2020,1.3010668748373666,,
3503604,2020,6.907985631389887,,
3503703,2020,164.05579399141632,,
3503802,2020,55.864966070444225,,
3503901,2020,98.82554822606525,,
3503950,2020,0.56657223796034,63.0,Low-Industry & Low-Poverty
3504008,2020,16.21605626300786,,
3504107,2020,70.72761915676976,,
3504206,2020,41.324027365074976,,
3504305,2020,21.93645990922844,,
3504404,2020,77.18342413736174,,
3504503,2020,49.30430213164569,,
3504602,2020,41.704942127503216,,
3504701,2020,12.14902807775378,,
3504800,2020,54.78648521820741,,
3504909,2020,29.199136231339782,,
3505005,2020,44.63493940289684,,
3505104,2020,12.081274025260845,,
3505203,2020,94.40178860353603,,
3505302,2020,131.4372458039755,,
3505351,2020,0.7233273056057866,,
3505401,2020,1.5610771432288277,,
3505500,2020,51.80943345079968,,
3505609,2020,11.843651431752118,,
3505708,2020,81.57267672756156,,
3505807,2020,61.67183882567361,,
3505906,2020,91.59443392780048,,
3506003,2020,33.42713981742055,,
3506102,2020,33.740138898253655,,
3506201,2020,198.30220713073004,,
3506300,2020,90.20116807268008,,
3506359,2020,1.3272238900300206,,
3506409,2020,60.388945752302966,,
3506508,2020,91.53623618425932,,
3506607,2020,4.576659038901602,,
3506706,2020,24.550816074612534,,
3506805,2020,160.19777503090236,,
3506904,2020,5.055976886962802,,
3507001,2020,179.55386441387978,,
3507100,2020,117.86258284961508,,
3507159,2020,5.957005957005957,,
3507209,2020,868.2266009852217,,
3507308,2020,102.12229459970581,,
3507407,2020,42.48515303791685,,
3507456,2020,38.774718883288095,,
3507506,2020,67.27601232862153,,
3507605,2020,69.97804610318332,,
3507704,2020,15.85014409221902,,
3507753,2020,0.361271676300578,,
3507803,2020,45.31595873532974,82.0,Mid-Industry & Mid-Poverty
3507902,2020,54.465408805031444,,
3508009,2020,19.46336009757089,,
3508108,2020,92.97421065316944,,
3508207,2020,253.0763872765266,,
3508306,2020,38.99721448467967,,
3508405,2020,143.4553914626745,83.0,High-Industry & Mid-Poverty
3508504,2020,89.34738042250896,,
3508603,2020,5.646737612857187,,
3508702,2020,3.9779357165588203,,
3508801,2020,92.6699141730457,84.0,High-Industry & Mid-Poverty
3508900,2020,0.0,,
3509007,2020,80.67626128096052,,
3509106,2020,0.5357142857142857,,
3509205,2020,163.64151648266713,,
3509254,2020,40.25248344370861,,
3509304,2020,8.51063829787234,,
3509403,2020,47.65615867201808,,
3509452,2020,15.657260839642118,,
3509502,2020,31.868114106240657,,
3509601,2020,53.95813717679438,,
3509700,2020,11.812123388802426,,
3509809,2020,19.929416649366825,,
3509908,2020,5.510088323474597,,
3509957,2020,48.380726698262244,,
3510005,2020,62.427129484659716,,
3510104,2020,118.54899027673898,,
3510153,2020,29.65337607693849,,
3510203,2020,15.985178163643415,,
3510302,2020,18.060558855028724,,
3510401,2020,111.09881801921411,,
3510500,2020,2.0240125402649305,,
3510609,2020,10.957987622846542,,
3510708,2020,4.0098967664875005,,
3510807,2020,33.059534315389314,,
3510906,2020,4.008016032064128,,
3511003,2020,53.06831339251254,,
3511102,2020,76.79640974011569,,
3511201,2020,1.3281976358082084,,
3511300,2020,106.72249886826619,,
3511409,2020,63.394576588768025,,
3511508,2020,124.17314860701127,,
3511607,2020,63.427643784786646,,
3511706,2020,35.84716234571547,,
3511904,2020,30.754444978375783,,
3512001,2020,140.0329489291598,,
3512100,2020,117.92920939464109,,
3512209,2020,82.39261105409763,91.0,High-Industry & High-Poverty
3512308,2020,40.21244309559939,,
3512407,2020,210.17408441451798,,
3512506,2020,70.36787040161998,,
3512605,2020,41.296716911005575,,
3512704,2020,45.43160020191822,87.0,Mid-Industry & High-Poverty
3512803,2020,43.433124772032215,,
3512902,2020,242.67543232814063,,
3513009,2020,76.53259182617693,,
3513108,2020,122.83606366910654,,
3513207,2020,31.097922848664687,,
3513306,2020,13.698630136986301,,
3513405,2020,89.4816520074568,,
3513504,2020,48.37972821247435,,
3513603,2020,7.056870070568701,,
3513702,2020,89.97841504779525,,
3513801,2020,90.79873515675799,,
3513850,2020,72.2189866045428,,
3513900,2020,8.451221752709904,,
3514007,2020,22.57412398921833,,
3514106,2020,53.388699391962035,79.0,Mid-Industry & Mid-Poverty
3514205,2020,21.07843137254902,,
3514304,2020,155.8594671068144,,
3514403,2020,27.46971885765085,,
3514502,2020,30.22964509394572,,
3514601,2020,79.4148380355277,,
3514700,2020,11.581148463889336,,
3514809,2020,3.9380414807035966,,
3514908,2020,191.28329297820824,,
3514924,2020,5.715918833952558,,
3514957,2020,3.3208800332088004,,
3515004,2020,34.26271280327929,83.0,Mid-Industry & Mid-Poverty
3515103,2020,40.894596858331006,,
3515129,2020,6.51890482398957,,
3515152,2020,58.29072315558802,,
3515186,2020,126.34768515256148,,
3515194,2020,0.0,72.0,Low-Industry & Low-Poverty
3515202,2020,266.7407956510996,51.0,High-Industry & Low-Poverty
3515301,2020,0.7504690431519699,,
3515350,2020,0.2097095522701059,,
3515400,2020,87.50958834057786,,
3515509,2020,44.2128509196515,,
3515608,2020,57.60947595118449,,
3515657,2020,18.19284414796847,87.0,Mid-Industry & High-Poverty
3515707,2020,46.86666286774038,,
3515806,2020,0.0,,
3515905,2020,29.76190476190476,,
3516002,2020,17.739273927392738,,
3516101,2020,0.0,,
3516200,2020,54.48885641213007,,
3516309,2020,1.1353015716472765,,
3516408,2020,22.260037713287034,,
3516507,2020,153.50223546944858,,
3516606,2020,57.138503733048914,,
3516705,2020,63.53129487088953,,
3516804,2020,0.6291946308724832,71.0,Low-Industry & Low-Poverty
3516853,2020,554.6637744034707,,
3516903,2020,13.711495116453793,64.0,Mid-Industry & Low-Poverty
3517000,2020,2.3969761224301647,,
3517109,2020,38.95556959359865,,
3517208,2020,39.0056081024525,76.0,Mid-Industry & Mid-Poverty
3517307,2020,0.0,90.0,Low-Industry & High-Poverty
3517406,2020,189.75448657228438,,
3517505,2020,122.7455871066769,,
3517604,2020,15.639943741209562,,
3517703,2020,18.008067614291203,,
3517802,2020,22.7056585829767,,
3517901,2020,106.75897249043543,,
3518008,2020,26.014568158168572,,
3518107,2020,41.2227883279296,,
3518206,2020,64.2848235440828,,
3518305,2020,93.92096231608278,,
3518404,2020,42.6633993831594,,
3518503,2020,36.38095238095238,,
3518602,2020,69.96232797724302,,
3518701,2020,4.920908329514388,,
3518800,2020,60.73449149876968,,
3518859,2020,7.526881720430108,,
3518909,2020,13.510867436851381,,
3519006,2020,29.265658747300215,,
3519055,2020,85.48954667770647,,
3519071,2020,60.451300224086715,,
3519105,2020,133.73430037148418,,
3519204,2020,19.92984693877551,,
3519253,2020,7.107629823034523,,
3519303,2020,66.61293108411539,,
3519402,2020,45.8578654946513,80.0,Mid-Industry & Mid-Poverty
3519501,2020,16.779864163004394,83.0,Mid-Industry & Mid-Poverty
3519600,2020,122.63038238662587,,
3519709,2020,30.158314797854246,,
3519808,2020,0.8715139442231076,,
3519907,2020,8.458527963640954,,
3520004,2020,12.720116014087425,,
3520103,2020,57.84899511135252,,
3520202,2020,36.72680412371134,,
3520301,2020,3.0544714067537755,85.0,Low-Industry & High-Poverty
3520400,2020,2.3304451747833883,,
3520426,2020,1.3597513597513597,,
3520442,2020,15.30215939102066,,
3520509,2020,101.56545942651977,,
3520608,2020,36.64921465968586,,
3520707,2020,4.67047223663726,,
3520806,2020,17.728674203494347,64.0,Mid-Industry & Low-Poverty
3520905,2020,107.19702192196333,,
3521002,2020,76.44387517466232,,
3521101,2020,127.32796196011095,,
3521150,2020,44.15981647868476,,
3521200,2020,0.0,,
3521309,2020,32.78481810730723,,
3521408,2020,163.7777965671768,,
3521507,2020,17.067494181536073,,
3521606,2020,1.3635124079629124,,
3521705,2020,22.482116498240035,,
3521804,2020,9.506922699664239,,
3521903,2020,101.135897084987,,
3522000,2020,61.30268199233716,,
3522109,2020,2.8959972457648573,,
3522158,2020,0.0,,
3522208,2020,21.04717042312477,,
3522307,2020,50.80861692163596,,
3522406,2020,15.737297285507074,,
3522505,2020,38.264469067871474,,
3522604,2020,134.25174825174827,,
3522653,2020,0.0,,
3522703,2020,68.40281120631559,,
3522802,2020,23.82897603485839,,
3522901,2020,177.1536395964874,,
3523008,2020,0.0,,
3523107,2020,44.03530595889247,,
3523206,2020,17.83018483006243,,
3523305,2020,3.0103045038786616,,
3523404,2020,95.40689982699548,,
3523503,2020,20.72992700729927,82.0,Mid-Industry & Mid-Poverty
3523602,2020,69.63057918657499,,
3523701,2020,6.051919095397356,,
3523800,2020,13.27375476409515,,
3523909,2020,93.69036119030228,,
3524006,2020,197.16357612535708,,
3524105,2020,28.42518511156388,,
3524204,2020,3.444660775797514,,
3524303,2020,61.6402365907223,,
3524402,2020,54.34644322095242,,
3524501,2020,234.75391017362608,,
3524600,2020,24.155150389037278,,
3524709,2020,237.10983080513418,84.0,High-Industry & Mid-Poverty
3524808,2020,45.20252253777458,,
3524907,2020,286.44995172191824,,
3525003,2020,53.679926862616604,,
3525102,2020,54.018138157741355,,
3525201,2020,90.67739771965124,,
3525300,2020,57.28619368834955,,
3525409,2020,20.694046482012098,,
3525508,2020,45.94978683088584,78.0,Mid-Industry & Mid-Poverty
3525607,2020,0.6843065693430658,,
3525706,2020,84.32228120396876,,
3525805,2020,0.0,,
3525854,2020,282.2141560798548,,
3525904,2020,103.14582227725691,,
3526001,2020,94.19386992275106,,
3526100,2020,8.710431272572764,,
3526209,2020,11.216736291569356,,
3526308,2020,6.640381821954763,,
3526407,2020,184.2710354243012,,
3526506,2020,0.0,,
3526605,2020,13.534254220733919,,
3526704,2020,66.02624411983165,,
3526803,2020,114.28485296112626,,
3526902,2020,99.35200809989875,,
3527009,2020,103.98860398860398,,
3527108,2020,130.74167299266185,,
3527207,2020,52.03199482911853,,
3527256,2020,0.0,,
3527306,2020,113.49134001823154,,
3527405,2020,61.32546743422618,,
3527504,2020,17.249004865103934,,
3527603,2020,89.29831992093746,,
3527702,2020,2.780674313521029,,
3527801,2020,33.92897534494458,,
3527900,2020,13.735215566577642,,
3528007,2020,78.96291046539098,,
3528106,2020,20.13162988772745,,
3528205,2020,15.948517067711249,,
3528304,2020,37.56476683937824,,
3528403,2020,62.15055156185912,88.0,High-Industry & High-Poverty
3528502,2020,39.058222303340024,,
3528601,2020,31.916010498687662,,
3528700,2020,6.083958629081322,,
3528809,2020,32.91176688114784,,
3528858,2020,350.65381968341364,,
3528908,2020,0.0,,
3529005,2020,56.15104899936948,,
3529104,2020,0.0,,
3529203,2020,13.051270063892785,,
3529302,2020,136.5033741564609,,
3529401,2020,41.87276694513748,,
3529500,2020,108.66547689867143,,
3529609,2020,408.9328697512704,,
3529658,2020,0.0,,
3529708,2020,0.7935026138909634,,
3529807,2020,28.975152814162104,,
3529906,2020,7.625163038025484,,
3530003,2020,3.402517863218782,,
3530102,2020,28.101654681281854,,
3530201,2020,89.20029264449322,,
3530300,2020,102.65633646928612,,
3530409,2020,39.55763504891536,,
3530508,2020,67.9070603568379,,
3530607,2020,35.95939062842887,,
3530706,2020,67.96561604584528,,
3530805,2020,95.40132022689326,,
3530904,2020,72.02881152460984,,
3531001,2020,53.333333333333336,,
3531100,2020,1.4649331624244644,,
3531209,2020,44.134727061556326,,
3531308,2020,114.38900939985538,71.0,High-Industry & Low-Poverty
3531407,2020,44.76084917725296,,
3531506,2020,27.211258314551152,,
3531605,2020,13.781007266349286,82.0,Mid-Industry & Mid-Poverty
3531704,2020,18.58902575587906,,
3531803,2020,84.9968128292012,,
3531902,2020,99.12779908449832,,
3532009,2020,168.4154902996905,,
3532058,2020,61.448900388098316,,
3532108,2020,3.270263957019388,,
3532157,2020,13.35070009768805,,
3532207,2020,90.06403635612477,,
3532306,2020,2.388772767990445,,
3532405,2020,51.34182705340201,,
3532504,2020,75.63805104408353,,
3532603,2020,13.262845483212763,,
3532702,2020,13.282350573556048,,
3532801,2020,117.51937984496125,,
3532827,2020,82.17054263565892,,
3532843,2020,0.0,,
3532868,2020,5.952380952380952,,
3532900,2020,229.41668992464415,,
3533007,2020,9.943589253274691,,
3533106,2020,0.0,,
3533205,2020,287.0544090056285,,
3533254,2020,2.1782537665638046,,
3533304,2020,0.2472799208704253,,
3533403,2020,182.44628611795517,,
3533502,2020,40.868716948195306,,
3533601,2020,258.39295542102366,,
3533700,2020,14.954172696575013,,
3533809,2020,1.5829046299960428,,
3533908,2020,89.47749257369182,,
3534005,2020,332.5443786982248,,
3534104,2020,31.92338387869114,,
3534203,2020,307.3113894552869,,
3534302,2020,87.96668717172196,,
3534401,2020,20.54146768404791,,
3534500,2020,33.0151153540175,,
3534609,2020,67.71583021463071,,
3534708,2020,47.11781263293179,,
3534757,2020,93.0755855579421,,
3534807,2020,5.321722302854378,,
3534906,2020,4.136029411764706,,
3535002,2020,39.391447368421055,,
3535101,2020,1.923520812495191,,
3535200,2020,3.723986856516977,74.0,Low-Industry & Mid-Poverty
3535309,2020,38.612898745312286,,
3535408,2020,58.095927363642346,,
3535507,2020,25.464010864644635,,
3535606,2020,14.317059791552387,,
3535705,2020,192.53469452863294,,
3535804,2020,8.015228934976454,,
3535903,2020,0.0,,
3536000,2020,119.06348148853145,,
3536109,2020,35.04380475594493,,
3536208,2020,8.46709261856527,,
3536257,2020,13.631937682570594,,
3536307,2020,155.5693839452396,,
3536406,2020,143.01707248810524,,
3536505,2020,101.28811752049279,82.0,High-Industry & Mid-Poverty
3536570,2020,2.261164499717354,,
3536604,2020,3.285999295857294,,
3536703,2020,114.59293394777266,,
3536802,2020,10.898725687458082,,
3536901,2020,26.424442609413706,,
3537008,2020,28.257263959702684,,
3537107,2020,151.9936409727593,,
3537156,2020,20.26578073089701,,
3537206,2020,0.45549785916006197,,
3537305,2020,66.65679402376017,,
3537404,2020,65.14119176086015,,
3537503,2020,139.41623160892263,,
3537602,2020,2.024138608178124,,
3537701,2020,50.58563911050756,,
3537800,2020,21.536909742976686,,
3537909,2020,15.874703235179478,,
3538006,2020,57.887305865742526,,
3538105,2020,52.41464164872347,,
3538204,2020,32.5313453066757,,
3538303,2020,16.40735502121641,,
3538501,2020,36.784641313109105,,
3538600,2020,54.05713850952942,,
3538709,2020,92.90717746548235,,
3538808,2020,29.292363687268146,,
3538907,2020,19.94926695042779,,
3539004,2020,61.99759770858358,,
3539103,2020,22.969603734549892,,
3539202,2020,52.29118436041598,,
3539301,2020,79.04376848560497,,
3539400,2020,12.866116703246803,,
3539509,2020,99.96371552975326,,
3539608,2020,62.899167795626084,,
3539707,2020,19.137389317337902,,
3539806,2020,43.22387439630251,,
3539905,2020,32.46867831304041,69.0,Mid-Industry & Low-Poverty
3540002,2020,191.57034113335214,,
3540101,2020,15.816174276335422,,
3540200,2020,102.61144816671063,,
3540259,2020,4.234455092489413,,
3540309,2020,107.59493670886076,,
3540408,2020,0.0,,
3540507,2020,11.92266380236305,80.0,Mid-Industry & Mid-Poverty
3540606,2020,117.12478480376038,,
3540705,2020,117.70359690954125,,
3540754,2020,10.530383537822432,,
3540804,2020,143.1496537187594,,
3540853,2020,0.6865774116031583,,
3540903,2020,234.80174104366958,,
3541000,2020,3.6674199290502583,,
3541059,2020,16.29169899146625,,
3541109,2020,11.940298507462687,,
3541208,2020,4.664723032069971,,
3541307,2020,11.226415094339623,,
3541406,2020,47.36896862122467,75.0,Mid-Industry & Mid-Poverty
3541505,2020,6.3412708854098145,,
3541604,2020,84.73038041697129,,
3541653,2020,1.8878101402373249,,
3541703,2020,140.7247936849659,,
3541802,2020,720.9515096065874,,
3541901,2020,9.56975640620057,,
3542008,2020,50.15384615384615,,
3542107,2020,162.87878787878788,,
3542206,2020,63.299476548687906,,
3542305,2020,5.733646077664843,,
3542404,2020,59.10420193935663,,
3542503,2020,8.87040887040887,,
3542602,2020,10.033938320790911,,
3542701,2020,30.294941945816095,,
3542800,2020,1.5422578655151142,,
3542909,2020,10.72613627594722,,
3543006,2020,3.505795872208086,90.0,Low-Industry & High-Poverty
3543105,2020,22.084048027444254,86.0,Mid-Industry & High-Poverty
3543204,2020,21.100917431192663,,
3543238,2020,10.742643624474544,75.0,Mid-Industry & Mid-Poverty
3543253,2020,3.5952063914780292,,
3543303,2020,54.40118351153251,,
3543402,2020,29.64124268584641,,
3543501,2020,13.672217353198947,,
3543600,2020,101.49942329873126,73.0,High-Industry & Low-Poverty
3543709,2020,19.054878048780488,,
3543808,2020,42.38683127572016,,
3543907,2020,113.9295867045703,,
3544004,2020,135.3440260344026,,
3544103,2020,20.47534928537016,,
3544202,2020,0.3499256408013297,,
3544251,2020,2.229836297384021,,
3544301,2020,56.38037962788949,,
3544400,2020,1.28783000643915,,
3544509,2020,0.0,,
3544608,2020,0.182882223847842,76.0,Low-Industry & Mid-Poverty
3544707,2020,19.89839119390347,,
3544806,2020,21.65289256198347,75.0,Mid-Industry & Mid-Poverty
3544905,2020,65.89685709324536,,
3545001,2020,2.7319159045017223,,
3545100,2020,0.0,,
3545159,2020,57.76081424936387,,
3545209,2020,88.366328051867,,
3545308,2020,48.232820025778445,,
3545407,2020,46.17921935129192,,
3545506,2020,257.8959867014961,,
3545605,2020,2.6188557614826755,,
3545704,2020,47.249647390691116,,
3545803,2020,89.78251079498794,,
3546009,2020,24.895972917695183,,
3546108,2020,6.979062811565304,,
3546207,2020,113.58933088066223,,
3546256,2020,11.555127587867116,,
3546306,2020,8.716534732722584,,
3546405,2020,72.50054218173932,,
3546504,2020,0.18099547511312217,87.0,Low-Industry & High-Poverty
3546603,2020,57.102973639787045,,
3546702,2020,227.92011913398755,,
3546801,2020,40.681842936499294,,
3546900,2020,0.9343611305769679,,
3547007,2020,82.07132388861748,79.0,High-Industry & Mid-Poverty
3547106,2020,11.020263064344118,,
3547205,2020,1.9880715705765406,,
3547304,2020,82.59490921727043,,
3547403,2020,1.2479201331114809,51.0,Low-Industry & Low-Poverty
3547502,2020,60.0720106120902,,
3547601,2020,40.14997656616154,,
3547650,2020,1.3888888888888888,,
3547700,2020,28.270482436528045,,
3547809,2020,30.809939080544254,,
3547908,2020,7.985535633569383,,
3548005,2020,89.80699374152042,,
3548054,2020,26.90256907416384,,
3548104,2020,35.53038105046344,,
3548203,2020,4.978877489438744,,
3548302,2020,0.0,,
3548401,2020,2.784918594687232,,
3548500,2020,10.242522212347478,,
3548609,2020,7.597340930674265,,
3548708,2020,81.55417037111833,,
3548807,2020,100.50646637221973,,
3548906,2020,72.43067690988822,,
3549003,2020,0.7471049682480388,,
3549102,2020,55.09503091367071,,
3549201,2020,0.0,,
3549250,2020,0.0,,
3549300,2020,11.083123425692694,,
3549409,2020,117.87405020487728,,
3549508,2020,0.0,,
3549607,2020,8.108108108108109,,
3549706,2020,61.102131338570835,,
3549805,2020,41.68117805699181,,
3549904,2020,45.518634947527204,,
3549953,2020,11.168881186212209,,
3550001,2020,9.272400416311855,,
3550100,2020,60.822762419770555,,
3550209,2020,11.9375,83.0,Mid-Industry & Mid-Poverty
3550308,2020,25.683380989851436,,
3550407,2020,25.60804490177736,,
3550506,2020,29.44768625322296,,
3550605,2020,47.68113455709956,,
3550704,2020,3.0986400413152007,,
3550803,2020,29.406836461126005,,
3550902,2020,65.26571024449383,85.0,High-Industry & High-Poverty
3551009,2020,3.1486691494681907,,
3551108,2020,97.0326409495549,,
3551207,2020,59.51727921009326,,
3551306,2020,541.7552383844518,,
3551405,2020,0.16283992835043154,,
3551504,2020,52.707386235765405,,
3551603,2020,27.7332361516035,,
3551702,2020,145.03698255077438,,
3551801,2020,13.382958504909723,81.0,Mid-Industry & Mid-Poverty
3551900,2020,27.09330841994628,,
3552007,2020,3.5460992907801416,,
3552106,2020,51.41427945233736,,
3552205,2020,73.16865766604359,84.0,High-Industry & Mid-Poverty
3552304,2020,36.43199792558019,,
3552403,2020,58.35204722963716,,
3552502,2020,53.009944948831965,,
3552551,2020,281.22624778312644,,
3552601,2020,7.147662293979145,,
3552700,2020,75.61175064477574,,
3552809,2020,40.81431354382801,,
3552908,2020,2.973240832507433,,
3553005,2020,204.069374577671,84.0,High-Industry & Mid-Poverty
3553104,2020,3.809839324167633,,
3553203,2020,9.238611022618668,82.0,Low-Industry & Mid-Poverty
3553302,2020,93.80344691487961,,
3553401,2020,103.5251941844254,,
3553500,2020,13.37836082608131,,
3553609,2020,14.274385408406026,,
3553658,2020,9.087604507451834,,
3553708,2020,37.81720765518634,,
3553807,2020,34.32070021127064,82.0,Mid-Industry & Mid-Poverty
3553856,2020,15.315001740341106,,
3553906,2020,45.94854863117347,77.0,Mid-Industry & Mid-Poverty
3553955,2020,86.45143860597055,,
3554003,2020,67.414233743746,85.0,High-Industry & High-Poverty
3554102,2020,55.43318768483965,,
3554201,2020,34.277198211624444,,
3554300,2020,26.144374051931827,,
3554409,2020,15.239557066111171,,
3554508,2020,153.19066053124925,,
3554607,2020,14.861165428236214,,
3554656,2020,0.0,,
3554706,2020,24.194378667764852,,
3554755,2020,39.34233705226072,,
3554805,2020,17.617121231893513,,
3554904,2020,6.670272219217595,64.0,Low-Industry & Low-Poverty
3554953,2020,3.2026841543388747,,
3555000,2020,40.48183568575657,,
3555109,2020,5.8475601559349375,73.0,Low-Industry & Low-Poverty
3555208,2020,11.506276150627615,,
3555307,2020,0.554016620498615,,
3555356,2020,138.64160896801846,,
3555406,2020,5.8032300148454725,,
3555505,2020,9.650439631138752,,
3555604,2020,30.569038521119488,,
3555703,2020,2.3001725129384702,,
3555802,2020,48.542561839507606,,
3555901,2020,0.828500414250207,,
3556008,2020,53.55515041020966,,
3556107,2020,147.06342991386063,,
3556206,2020,89.49672123262413,,
3556305,2020,129.6064699016175,,
3556354,2020,13.299999999999999,,
3556404,2020,48.071130816124914,,
3556453,2020,87.41139456426974,,
3556503,2020,64.81105073215248,,
3556602,2020,4.941087039148613,,
3556701,2020,167.25790430979993,,
3556800,2020,36.954270452935084,,
3556909,2020,246.06937858747193,,
3556958,2020,1.1363636363636362,,
3557006,2020,36.04453198023768,,
3557105,2020,75.05448997384481,,
3557154,2020,30.078125,,
3557204,2020,33.952384848236925,,
3557303,2020,44.40834010289738,87.0,Mid-Industry & High-Poverty
